Protein (Uniprot Accession No.),Peptide,MH+ (mono),z (Q1),Q1 m/z,Q3 m/z,Fragment ion type,CE,DP,CXP,EP
Carbonic Anhydrase I (P00915),GGPFSDSYR,985.44,2,493.2,871.4,y7,21,80,12,10
Carbonic Anhydrase I (P00915),GGPFSDSYR,985.44,2,493.2,627.3,y5,27,80,12,10
Carbonic Anhydrase I (P00915),GGPFSDSYR,985.44,2,493.2,774.3,y6,33,80,12,10
Carbonic Anhydrase I (P00915),GGPFSDSY[R],995.44,2,498.2,881.4,y7,21,80,12,10
Carbonic Anhydrase I (P00915),GGPFSDSY[R],995.44,2,498.2,637.3,y5,27,80,12,10
Carbonic Anhydrase I (P00915),GGPFSDSY[R],995.44,2,498.2,784.3,y6,33,80,12,10
Carbonic Anhydrase I (P00915),VLDALQAIK,970.59,2,485.8,643.4,y6,26,80,12,10
Carbonic Anhydrase I (P00915),VLDALQAIK,970.59,2,485.8,758.4,y7,26,80,12,10
Carbonic Anhydrase I (P00915),VLDALQAIK,970.59,2,485.8,871.5,y8,20,80,12,10
Carbonic Anhydrase I (P00915),VLDALQAI[K],978.6,2,489.8,651.4,y6,26,80,12,10
Carbonic Anhydrase I (P00915),VLDALQAI[K],978.6,2,489.8,766.4,y7,26,80,12,10
Carbonic Anhydrase I (P00915),VLDALQAI[K],978.6,2,489.8,879.5,y8,20,80,12,10
Carbonic Anhydrase II (P00918),AVQQPDGLAVLGIFLK,1668.97,2,835,1242.8,y12,36,80,12,10
Carbonic Anhydrase II (P00918),AVQQPDGLAVLGIFLK,1668.97,2,835,1030.7,y10,42,80,12,10
Carbonic Anhydrase II (P00918),AVQQPDGLAVLGIFLK,1668.97,2,835,973.6,y9,42,80,12,10
Carbonic Anhydrase II (P00918),AVQQPDGLAVLGIFL[K],1676.97,2,839,1250.8,y12,36,80,12,10
Carbonic Anhydrase II (P00918),AVQQPDGLAVLGIFL[K],1676.97,2,839,1038.7,y10,42,80,12,10
Carbonic Anhydrase II (P00918),AVQQPDGLAVLGIFL[K],1676.97,2,839,981.6,y9,42,80,12,10
Carbonic Anhydrase II (P00918),SADFTNFDPR,1169.52,2,585.3,896.4,y7,25,80,12,10
Carbonic Anhydrase II (P00918),SADFTNFDPR,1169.52,2,585.3,749.4,y6,25,80,12,10
Carbonic Anhydrase II (P00918),SADFTNFDPR,1169.52,2,585.3,1011.5,y8,25,80,12,10
Carbonic Anhydrase II (P00918),SADFTNFDP[R],1179.52,2,590.3,906.4,y7,25,80,12,10
Carbonic Anhydrase II (P00918),SADFTNFDP[R],1179.52,2,590.3,759.4,y6,25,80,12,10
Carbonic Anhydrase II (P00918),SADFTNFDP[R],1179.52,2,590.3,1021.5,y8,25,80,12,10
NADPH dehydrogenase (P15559),ALIVLAHSER,1108.65,2,554.8,712.4,y6,23,80,12,10
NADPH dehydrogenase (P15559),ALIVLAHSER,1108.65,2,554.8,811.4,y7,29,80,12,10
NADPH dehydrogenase (P15559),ALIVLAHSER,1108.65,2,554.8,924.5,y8,29,80,12,10
NADPH dehydrogenase (P15559),ALIVLAHSE[R],1118.66,2,559.8,722.4,y6,23,80,12,10
NADPH dehydrogenase (P15559),ALIVLAHSE[R],1118.66,2,559.8,821.4,y7,29,80,12,10
NADPH dehydrogenase (P15559),ALIVLAHSE[R],1118.66,2,559.8,934.5,y8,29,80,12,10
NADPH dehydrogenase (P15559),EGHLSPDIVAEQK,1422.72,2,711.9,899.5,y8,30,80,12,10
NADPH dehydrogenase (P15559),EGHLSPDIVAEQK,1422.72,3,474.9,574.3,y5,36,80,12,10
NADPH dehydrogenase (P15559),EGHLSPDIVAEQK,1422.72,3,474.9,475.3,y4,36,80,12,10
NADPH dehydrogenase (P15559),EGHLSPDIVAEQ[K],1430.72,2,715.9,907.5,y8,30,80,12,10
NADPH dehydrogenase (P15559),EGHLSPDIVAEQ[K],1430.72,3,477.6,582.3,y5,36,80,12,10
NADPH dehydrogenase (P15559),EGHLSPDIVAEQ[K],1430.72,3,477.6,483.3,y4,36,80,12,10
C-reactive Protein  (P02741),ESDTSYVSLK,1128.54,2,564.8,999.5,y9,36,80,12,10
C-reactive Protein  (P02741),ESDTSYVSLK,1128.54,2,564.8,797.4,y7,24,80,12,10
C-reactive Protein  (P02741),ESDTSYVSLK,1128.54,2,564.8,696.4,y6,30,80,12,10
C-reactive Protein  (P02741),ESDTSYVSL[K],1136.54,2,568.8,1007.5,y9,36,80,12,10
C-reactive Protein  (P02741),ESDTSYVSL[K],1136.54,2,568.8,805.4,y7,24,80,12,10
C-reactive Protein  (P02741),ESDTSYVSL[K],1136.54,2,568.8,704.4,y6,30,80,12,10
C-reactive Protein  (P02741),GYSIFSYATK,1136.56,2,568.8,829.5,y7,30,80,12,10
C-reactive Protein  (P02741),GYSIFSYATK,1136.56,2,568.8,916.5,y8,30,80,12,10
C-reactive Protein  (P02741),GYSIFSYAT[K],1144.56,2,572.8,837.5,y7,30,80,12,10
C-reactive Protein  (P02741),GYSIFSYAT[K],1144.56,2,572.8,924.5,y8,30,80,12,10
Peptidyl-Prolyl cis-trans isomerase A (P62937),FEDENFILK,1154.57,2,577.8,878.5,y7,24,80,12,10
Peptidyl-Prolyl cis-trans isomerase A (P62937),FEDENFILK,1154.57,2,577.8,634.4,y5,30,80,12,10
Peptidyl-Prolyl cis-trans isomerase A (P62937),FEDENFIL[K],1162.57,2,581.8,886.5,y7,24,80,12,10
Peptidyl-Prolyl cis-trans isomerase A (P62937),FEDENFIL[K],1162.57,2,581.8,642.4,y5,30,80,12,10
Peptidyl-Prolyl cis-trans isomerase A (P62937),VSFELFADK,1055.54,2,528.3,593.3,y5,22,80,12,10
Peptidyl-Prolyl cis-trans isomerase A (P62937),VSFELFADK,1055.54,2,528.3,722.4,y6,22,80,12,10
Peptidyl-Prolyl cis-trans isomerase A (P62937),VSFELFADK,1055.54,2,528.3,869.4,y7,28,80,12,10
Peptidyl-Prolyl cis-trans isomerase A (P62937),VSFELFAD[K],1063.54,2,532.3,601.3,y5,22,80,12,10
Peptidyl-Prolyl cis-trans isomerase A (P62937),VSFELFAD[K],1063.54,2,532.3,730.4,y6,22,80,12,10
Peptidyl-Prolyl cis-trans isomerase A (P62937),VSFELFAD[K],1063.54,2,532.3,877.4,y7,28,80,12,10
Peptidyl-Prolyl cis-trans isomerase A (P62937),TAENFR,737.36,2,369.2,565.3,y4,21,70,12,10
Peptidyl-Prolyl cis-trans isomerase A (P62937),TAENFR,737.36,2,369.2,636.3,y5,21,70,12,10
Peptidyl-Prolyl cis-trans isomerase A (P62937),TAENF[R],747.36,2,374.2,575.3,y4,21,70,12,10
Peptidyl-Prolyl cis-trans isomerase A (P62937),TAENF[R],747.36,2,374.2,646.3,y5,21,70,12,10
Catalase        (P04040),FSTVAGESGSADTVR,1483.7,2,742.4,792.4,y8,38,80,12,10
Catalase        (P04040),FSTVAGESGSADTVR,1483.7,2,742.4,921.4,y9,38,80,12,10
Catalase        (P04040),FSTVAGESGSADTVR,1483.7,2,742.4,978.5,y10,32,80,12,10
Catalase        (P04040),FSTVAGESGSADTV[R],1493.7,2,747.4,802.4,y8,38,80,12,10
Catalase        (P04040),FSTVAGESGSADTV[R],1493.7,2,747.4,931.4,y9,38,80,12,10
Catalase        (P04040),FSTVAGESGSADTV[R],1493.7,2,747.4,988.5,y10,32,80,12,10
Catalase        (P04040),NLSVEDAAR,974.49,2,487.8,660.3,y6,26,80,12,10
Catalase        (P04040),NLSVEDAAR,974.49,2,487.8,747.4,y7,20,80,12,10
Catalase        (P04040),NLSVEDAAR,974.49,2,487.8,561.3,y5,20,80,12,10
Catalase        (P04040),NLSVEDAA[R],984.49,2,492.8,670.3,y6,26,80,12,10
Catalase        (P04040),NLSVEDAA[R],984.49,2,492.8,757.4,y7,20,80,12,10
Catalase        (P04040),NLSVEDAA[R],984.49,2,492.8,571.3,y5,20,80,12,10
Catalase        (P04040),GAGAFGYFEVTHDITK,1712.83,2,856.9,1089.6,y9,43,80,12,10
Catalase        (P04040),GAGAFGYFEVTHDITK,1712.83,2,856.9,1252.6,y10,43,80,12,10
Catalase        (P04040),GAGAFGYFEVTHDITK,1712.83,2,856.9,1309.6,y11,43,80,12,10
Catalase        (P04040),GAGAFGYFEVTHDIT[K],1720.83,2,860.9,1097.6,y9,43,80,12,10
Catalase        (P04040),GAGAFGYFEVTHDIT[K],1720.83,2,860.9,1260.6,y10,43,80,12,10
Catalase        (P04040),GAGAFGYFEVTHDIT[K],1720.83,2,860.9,1317.6,y11,43,80,12,10
